REGION TYPE,REGION,YEAR,WEEK,% WEIGHTED ILI,%UNWEIGHTED ILI,AGE 0-4,AGE 25-49,AGE 25-64,AGE 5-24,AGE 50-64,AGE 65,ILITOTAL,NUM. OF PROVIDERS,TOTAL PATIENTS
States,Texas,2015,40,X,3.1748,X,X,X,X,X,X,1016,126,32002
States,Texas,2015,41,X,3.42995,X,X,X,X,X,X,1084,124,31604
States,Texas,2015,42,X,3.63057,X,X,X,X,X,X,1162,122,32006
States,Texas,2015,43,X,3.84937,X,X,X,X,X,X,1152,123,29927
States,Texas,2015,44,X,3.47839,X,X,X,X,X,X,1143,126,32860
States,Texas,2015,45,X,3.86243,X,X,X,X,X,X,1214,123,31431
States,Texas,2015,46,X,3.96778,X,X,X,X,X,X,1266,123,31907
States,Texas,2015,47,X,4.81392,X,X,X,X,X,X,1071,122,22248
States,Texas,2015,48,X,4.43529,X,X,X,X,X,X,1411,122,31813
States,Texas,2015,49,X,4.49576,X,X,X,X,X,X,1320,119,29361
States,Texas,2015,50,X,4.67202,X,X,X,X,X,X,1391,121,29773
States,Texas,2015,51,X,5.12797,X,X,X,X,X,X,1110,121,21646
States,Texas,2015,52,X,5.70737,X,X,X,X,X,X,1274,120,22322
States,Texas,2016,1,X,4.68602,X,X,X,X,X,X,1282,120,27358
States,Texas,2016,2,X,4.16846,X,X,X,X,X,X,1164,121,27924
States,Texas,2016,3,X,4.36048,X,X,X,X,X,X,1318,123,30226
States,Texas,2016,4,X,4.96129,X,X,X,X,X,X,1551,122,31262
States,Texas,2016,5,X,4.89241,X,X,X,X,X,X,1512,123,30905
States,Texas,2016,6,X,5.62804,X,X,X,X,X,X,1816,122,32267
States,Texas,2016,7,X,6.36256,X,X,X,X,X,X,2035,120,31984
States,Texas,2016,8,X,4.48169,X,X,X,X,X,X,1147,86,25593
States,Texas,2016,9,X,4.7195,X,X,X,X,X,X,1203,83,25490
States,Texas,2016,10,X,4.01485,X,X,X,X,X,X,941,81,23438
States,Texas,2016,11,X,3.73119,X,X,X,X,X,X,749,81,20074
States,Texas,2016,12,X,3.46318,X,X,X,X,X,X,777,81,22436
States,Texas,2016,13,X,3.2444,X,X,X,X,X,X,760,80,23425
States,Texas,2016,14,X,2.83508,X,X,X,X,X,X,569,61,20070
States,Texas,2016,15,X,3.25267,X,X,X,X,X,X,789,77,24257
States,Texas,2016,16,X,3.57929,X,X,X,X,X,X,846,75,23636
States,Texas,2016,17,X,3.0393,X,X,X,X,X,X,747,79,24578
States,Texas,2016,18,X,2.74919,X,X,X,X,X,X,617,77,22443
States,Texas,2016,19,X,2.30401,X,X,X,X,X,X,472,73,20486
States,Texas,2016,20,X,2.35638,X,X,X,X,X,X,459,76,19479
States,Texas,2016,21,X,2.78809,X,X,X,X,X,X,518,74,18579
States,Texas,2016,22,X,2.47401,X,X,X,X,X,X,395,72,15966
States,Texas,2016,23,X,1.99249,X,X,X,X,X,X,276,49,13852
States,Texas,2016,24,X,2.1005,X,X,X,X,X,X,362,69,17234
States,Texas,2016,25,X,1.87159,X,X,X,X,X,X,316,68,16884
States,Texas,2016,26,X,1.84575,X,X,X,X,X,X,297,65,16091
States,Texas,2016,27,X,1.66667,X,X,X,X,X,X,248,68,14880
States,Texas,2016,28,X,1.55492,X,X,X,X,X,X,189,68,12155
States,Texas,2016,29,X,1.42177,X,X,X,X,X,X,239,67,16810
States,Texas,2016,30,X,1.57115,X,X,X,X,X,X,261,67,16612
States,Texas,2016,31,X,1.27404,X,X,X,X,X,X,216,67,16954
States,Texas,2016,32,X,1.30064,X,X,X,X,X,X,209,62,16069
States,Texas,2016,33,X,1.31155,X,X,X,X,X,X,224,65,17079
States,Texas,2016,34,X,1.76582,X,X,X,X,X,X,336,66,19028
States,Texas,2016,35,X,2.89706,X,X,X,X,X,X,423,64,14601
States,Texas,2016,36,X,3.0076,X,X,X,X,X,X,534,63,17755
States,Texas,2016,37,X,2.60465,X,X,X,X,X,X,509,61,19542
States,Texas,2016,38,X,2.57309,X,X,X,X,X,X,367,60,14263
States,Texas,2016,39,X,2.75084,X,X,X,X,X,X,400,60,14541
States,Texas,2016,40,X,2.08692,X,X,X,X,X,X,654,120,31338
States,Texas,2016,41,X,1.95234,X,X,X,X,X,X,571,117,29247
States,Texas,2016,42,X,1.84806,X,X,X,X,X,X,541,114,29274
States,Texas,2016,43,X,2.06247,X,X,X,X,X,X,589,114,28558
States,Texas,2016,44,X,2.01191,X,X,X,X,X,X,581,112,28878
States,Texas,2016,45,X,2.08512,X,X,X,X,X,X,607,116,29111
States,Texas,2016,46,X,2.24903,X,X,X,X,X,X,673,116,29924
States,Texas,2016,47,X,2.59299,X,X,X,X,X,X,550,114,21211
States,Texas,2016,48,X,2.49507,X,X,X,X,X,X,696,112,27895
States,Texas,2016,49,X,3.06871,X,X,X,X,X,X,816,113,26591
States,Texas,2016,50,X,3.41272,X,X,X,X,X,X,887,111,25991
States,Texas,2016,51,X,4.10321,X,X,X,X,X,X,951,108,23177
States,Texas,2016,52,X,4.32471,X,X,X,X,X,X,960,109,22198
States,Texas,2017,1,X,4.19085,X,X,X,X,X,X,1076,113,25675
States,Texas,2017,2,X,5.06267,X,X,X,X,X,X,1450,112,28641
States,Texas,2017,3,X,5.47691,X,X,X,X,X,X,1563,112,28538
States,Texas,2017,4,X,6.20619,X,X,X,X,X,X,1868,109,30099
States,Texas,2017,5,X,8.48188,X,X,X,X,X,X,2774,112,32705
States,Texas,2017,6,X,10.2826,X,X,X,X,X,X,3508,113,34116
States,Texas,2017,7,X,9.2512,X,X,X,X,X,X,2592,90,28018
States,Texas,2017,8,X,8.99901,X,X,X,X,X,X,2635,106,29281
States,Texas,2017,9,X,7.50649,X,X,X,X,X,X,2256,107,30054
States,Texas,2017,10,X,7.26928,X,X,X,X,X,X,2107,105,28985
States,Texas,2017,11,X,5.85242,X,X,X,X,X,X,1403,104,23973
States,Texas,2017,12,X,4.48645,X,X,X,X,X,X,1258,104,28040
States,Texas,2017,13,X,4.00722,X,X,X,X,X,X,1065,101,26577
States,Texas,2017,14,X,3.50145,X,X,X,X,X,X,906,101,25875
States,Texas,2017,15,X,3.41597,X,X,X,X,X,X,835,99,24444
States,Texas,2017,16,X,3.39009,X,X,X,X,X,X,665,83,19616
States,Texas,2017,17,X,2.76932,X,X,X,X,X,X,755,101,27263
States,Texas,2017,18,X,2.62245,X,X,X,X,X,X,665,97,25358
States,Texas,2017,19,X,1.72152,X,X,X,X,X,X,419,98,24339
States,Texas,2017,20,X,2.30259,X,X,X,X,X,X,552,98,23973
States,Texas,2017,21,X,2.14023,X,X,X,X,X,X,471,94,22007
States,Texas,2017,22,X,1.79865,X,X,X,X,X,X,360,93,20015
States,Texas,2017,23,X,1.79529,X,X,X,X,X,X,385,96,21445
States,Texas,2017,24,X,1.57771,X,X,X,X,X,X,329,95,20853
States,Texas,2017,25,X,1.50002,X,X,X,X,X,X,302,92,20133
States,Texas,2017,26,X,1.52211,X,X,X,X,X,X,252,78,16556
States,Texas,2017,27,X,1.39677,X,X,X,X,X,X,256,94,18328
States,Texas,2017,28,X,1.21989,X,X,X,X,X,X,238,95,19510
States,Texas,2017,29,X,1.33324,X,X,X,X,X,X,182,77,13651
States,Texas,2017,30,X,1.33018,X,X,X,X,X,X,264,94,19847
States,Texas,2017,31,X,1.27357,X,X,X,X,X,X,260,95,20415
States,Texas,2017,32,X,1.04005,X,X,X,X,X,X,214,94,20576
States,Texas,2017,33,X,1.10367,X,X,X,X,X,X,206,80,18665
States,Texas,2017,34,X,1.8906,X,X,X,X,X,X,347,77,18354
States,Texas,2017,35,X,1.895,X,X,X,X,X,X,331,76,17467
States,Texas,2017,36,X,2.01905,X,X,X,X,X,X,371,75,18375
States,Texas,2017,37,X,1.93658,X,X,X,X,X,X,477,92,24631
States,Texas,2017,38,X,1.77468,X,X,X,X,X,X,448,93,25244
States,Texas,2017,39,X,1.9715,X,X,X,X,X,X,494,90,25057
States,Texas,2017,40,X,2.15321,X,X,X,X,X,X,642,111,29816
States,Texas,2017,41,X,2.22464,X,X,X,X,X,X,654,113,29398
States,Texas,2017,42,X,2.13774,X,X,X,X,X,X,641,111,29985
States,Texas,2017,43,X,2.34254,X,X,X,X,X,X,710,111,30309
States,Texas,2017,44,X,3.24542,X,X,X,X,X,X,774,76,23849
States,Texas,2017,45,X,3.67219,X,X,X,X,X,X,1109,109,30200
States,Texas,2017,46,X,4.41976,X,X,X,X,X,X,1365,109,30884
States,Texas,2017,47,X,4.57186,X,X,X,X,X,X,1023,111,22376
States,Texas,2017,48,X,5.26676,X,X,X,X,X,X,1541,112,29259
States,Texas,2017,49,X,5.83165,X,X,X,X,X,X,1678,111,28774
States,Texas,2017,50,X,9.36695,X,X,X,X,X,X,2764,110,29508
States,Texas,2017,51,X,13.449,X,X,X,X,X,X,3938,105,29281
States,Texas,2017,52,X,10.9528,X,X,X,X,X,X,1830,68,16708
States,Texas,2018,1,X,12.5909,X,X,X,X,X,X,3428,108,27226
States,Texas,2018,2,X,12.8689,X,X,X,X,X,X,4047,107,31448
States,Texas,2018,3,X,13.0336,X,X,X,X,X,X,3966,110,30429
States,Texas,2018,4,X,14.5657,X,X,X,X,X,X,5203,110,35721
States,Texas,2018,5,X,13.9335,X,X,X,X,X,X,4996,109,35856
States,Texas,2018,6,X,12.9045,X,X,X,X,X,X,4450,110,34484
States,Texas,2018,7,X,10.9435,X,X,X,X,X,X,3598,109,32878
States,Texas,2018,8,X,8.27868,X,X,X,X,X,X,2638,109,31865
States,Texas,2018,9,X,6.07416,X,X,X,X,X,X,1833,106,30177
States,Texas,2018,10,X,4.85631,X,X,X,X,X,X,1286,103,26481
States,Texas,2018,11,X,3.71923,X,X,X,X,X,X,816,101,21940
States,Texas,2018,12,X,3.07753,X,X,X,X,X,X,853,104,27717
States,Texas,2018,13,X,3.51379,X,X,X,X,X,X,762,100,21686
States,Texas,2018,14,X,2.93401,X,X,X,X,X,X,530,88,18064
States,Texas,2018,15,X,2.45258,X,X,X,X,X,X,437,85,17818
States,Texas,2018,16,X,2.46861,X,X,X,X,X,X,696,103,28194
States,Texas,2018,17,X,2.29361,X,X,X,X,X,X,624,102,27206
States,Texas,2018,18,X,2.30994,X,X,X,X,X,X,570,98,24676
States,Texas,2018,19,X,2.16706,X,X,X,X,X,X,509,96,23488
States,Texas,2018,20,X,1.69425,X,X,X,X,X,X,391,95,23078
States,Texas,2018,21,X,1.95167,X,X,X,X,X,X,441,94,22596
States,Texas,2018,22,X,1.70382,X,X,X,X,X,X,334,92,19603
States,Texas,2018,23,X,1.57834,X,X,X,X,X,X,316,90,20021
States,Texas,2018,24,X,1.59816,X,X,X,X,X,X,320,92,20023
States,Texas,2018,25,X,1.32682,X,X,X,X,X,X,250,91,18842
States,Texas,2018,26,X,1.7444,X,X,X,X,X,X,288,90,16510
States,Texas,2018,27,X,1.27277,X,X,X,X,X,X,211,90,16578
States,Texas,2018,28,X,1.35064,X,X,X,X,X,X,256,91,18954
States,Texas,2018,29,X,1.06927,X,X,X,X,X,X,203,90,18985
States,Texas,2018,30,X,1.02062,X,X,X,X,X,X,197,90,19302
States,Texas,2018,31,X,1.05115,X,X,X,X,X,X,209,90,19883
States,Texas,2018,32,X,1.31924,X,X,X,X,X,X,156,51,11825
States,Texas,2018,33,X,0.988875,X,X,X,X,X,X,184,88,18607
States,Texas,2018,34,X,1.39918,X,X,X,X,X,X,270,88,19297
States,Texas,2018,35,X,1.20577,X,X,X,X,X,X,244,78,20236
States,Texas,2018,36,X,1.94818,X,X,X,X,X,X,382,93,19608
States,Texas,2018,37,X,2.13464,X,X,X,X,X,X,449,91,21034
States,Texas,2018,38,X,1.88542,X,X,X,X,X,X,465,93,24663
States,Texas,2018,39,X,2.1767,X,X,X,X,X,X,561,96,25773
States,Texas,2018,40,X,2.57487,X,X,X,X,X,X,730,108,28351
States,Texas,2018,41,X,2.12283,X,X,X,X,X,X,589,107,27746
States,Texas,2018,42,X,2.20848,X,X,X,X,X,X,607,107,27485
States,Texas,2018,43,X,2.63998,X,X,X,X,X,X,761,107,28826
States,Texas,2018,44,X,2.8987,X,X,X,X,X,X,831,109,28668
States,Texas,2018,45,X,3.16233,X,X,X,X,X,X,945,111,29883
States,Texas,2018,46,X,3.38883,X,X,X,X,X,X,973,111,28712
States,Texas,2018,47,X,3.67031,X,X,X,X,X,X,806,111,21960
States,Texas,2018,48,X,3.58931,X,X,X,X,X,X,1104,110,30758
States,Texas,2018,49,X,3.57419,X,X,X,X,X,X,1017,110,28454
States,Texas,2018,50,X,4.13873,X,X,X,X,X,X,1148,110,27738
States,Texas,2018,51,X,4.95303,X,X,X,X,X,X,1255,102,25338
States,Texas,2018,52,X,6.40128,X,X,X,X,X,X,1317,102,20574
States,Texas,2019,1,X,5.11093,X,X,X,X,X,X,1244,111,24340
States,Texas,2019,2,X,4.66314,X,X,X,X,X,X,1331,111,28543
States,Texas,2019,3,X,5.57504,X,X,X,X,X,X,1621,114,29076
States,Texas,2019,4,X,7.07857,X,X,X,X,X,X,2092,116,29554
States,Texas,2019,5,X,8.58413,X,X,X,X,X,X,2684,113,31267
States,Texas,2019,6,X,10.165,X,X,X,X,X,X,3363,116,33084
States,Texas,2019,7,X,10.203,X,X,X,X,X,X,3277,117,32118
States,Texas,2019,8,X,9.28852,X,X,X,X,X,X,2910,116,31329
States,Texas,2019,9,X,9.54986,X,X,X,X,X,X,3055,117,31990
States,Texas,2019,10,X,8.74129,X,X,X,X,X,X,2723,118,31151
States,Texas,2019,11,X,7.83312,X,X,X,X,X,X,2101,115,26822
States,Texas,2019,12,X,5.80826,X,X,X,X,X,X,1757,118,30250
States,Texas,2019,13,X,4.90247,X,X,X,X,X,X,1405,113,28659
States,Texas,2019,14,X,4.41071,X,X,X,X,X,X,1226,115,27796
States,Texas,2019,15,X,3.9139,X,X,X,X,X,X,1131,116,28897
States,Texas,2019,16,X,3.42261,X,X,X,X,X,X,929,114,27143
States,Texas,2019,17,X,2.70961,X,X,X,X,X,X,657,98,24247
States,Texas,2019,18,X,2.57196,X,X,X,X,X,X,722,113,28072
States,Texas,2019,19,X,2.51409,X,X,X,X,X,X,620,102,24661
States,Texas,2019,20,X,2.51157,X,X,X,X,X,X,597,104,23770
States,Texas,2019,21,X,2.91262,X,X,X,X,X,X,507,65,17407
States,Texas,2019,22,X,2.23086,X,X,X,X,X,X,442,98,19813
States,Texas,2019,23,X,2.20845,X,X,X,X,X,X,474,95,21463
States,Texas,2019,24,X,2.25626,X,X,X,X,X,X,461,90,20432
States,Texas,2019,25,X,1.99168,X,X,X,X,X,X,407,96,20435
States,Texas,2019,26,X,1.93911,X,X,X,X,X,X,300,56,15471
States,Texas,2019,27,X,1.80349,X,X,X,X,X,X,328,94,18187
States,Texas,2019,28,X,1.63544,X,X,X,X,X,X,254,58,15531
States,Texas,2019,29,X,1.35155,X,X,X,X,X,X,281,96,20791
States,Texas,2019,30,X,1.58026,X,X,X,X,X,X,317,94,20060
States,Texas,2019,31,X,1.3381,X,X,X,X,X,X,281,94,21000
States,Texas,2019,32,X,1.18368,X,X,X,X,X,X,253,93,21374
States,Texas,2019,33,X,0.879297,X,X,X,X,X,X,198,89,22518
States,Texas,2019,34,X,1.26906,X,X,X,X,X,X,298,92,23482
States,Texas,2019,35,X,1.84147,X,X,X,X,X,X,450,94,24437
States,Texas,2019,36,X,1.95441,X,X,X,X,X,X,451,93,23076
States,Texas,2019,37,X,2.14706,X,X,X,X,X,X,544,93,25337
States,Texas,2019,38,X,1.84213,X,X,X,X,X,X,386,78,20954
States,Texas,2019,39,X,2.07264,X,X,X,X,X,X,521,92,25137
States,Texas,2019,40,X,2.1399,X,X,X,X,X,X,640,115,29908
States,Texas,2019,41,X,2.54297,X,X,X,X,X,X,759,116,29847
States,Texas,2019,42,X,2.55285,X,X,X,X,X,X,768,119,30084
States,Texas,2019,43,X,3.23872,X,X,X,X,X,X,987,117,30475
States,Texas,2019,44,X,3.70212,X,X,X,X,X,X,1124,121,30361
States,Texas,2019,45,X,4.73487,X,X,X,X,X,X,1501,116,31701
States,Texas,2019,46,X,4.78979,X,X,X,X,X,X,1456,111,30398
States,Texas,2019,47,X,6.49962,X,X,X,X,X,X,2114,114,32525
States,Texas,2019,48,X,7.33775,X,X,X,X,X,X,1783,117,24299
States,Texas,2019,49,X,6.06795,X,X,X,X,X,X,1902,111,31345
States,Texas,2019,50,X,8.66833,X,X,X,X,X,X,2124,98,24503
States,Texas,2019,51,X,11.7639,X,X,X,X,X,X,2605,93,22144
States,Texas,2019,52,X,15.2711,X,X,X,X,X,X,2349,91,15382
States,Texas,2020,1,X,11.1836,X,X,X,X,X,X,2933,114,26226
States,Texas,2020,2,X,10.007,X,X,X,X,X,X,3008,116,30059
States,Texas,2020,3,X,10.6001,X,X,X,X,X,X,3100,114,29245
States,Texas,2020,4,X,10.8121,X,X,X,X,X,X,3459,114,31992
States,Texas,2020,5,X,11.2149,X,X,X,X,X,X,3818,117,34044
States,Texas,2020,6,X,10.7991,X,X,X,X,X,X,3100,118,28706
States,Texas,2020,7,X,9.67974,X,X,X,X,X,X,3098,115,32005
States,Texas,2020,8,X,8.9848,X,X,X,X,X,X,2902,116,32299
States,Texas,2020,9,X,7.76767,X,X,X,X,X,X,2458,112,31644
States,Texas,2020,10,X,8.06613,X,X,X,X,X,X,2415,106,29940
States,Texas,2020,11,X,6.97331,X,X,X,X,X,X,1792,109,25698
States,Texas,2020,12,X,8.17899,X,X,X,X,X,X,1921,102,23487
States,Texas,2020,13,X,4.73626,X,X,X,X,X,X,730,102,15413
States,Texas,2020,14,X,3.40379,X,X,X,X,X,X,401,94,11781
States,Texas,2020,15,X,2.95355,X,X,X,X,X,X,344,101,11647
States,Texas,2020,16,X,2.11486,X,X,X,X,X,X,232,96,10970
States,Texas,2020,17,X,2.01192,X,X,X,X,X,X,216,94,10736
States,Texas,2020,18,X,1.50659,X,X,X,X,X,X,128,78,8496
States,Texas,2020,19,X,1.24559,X,X,X,X,X,X,166,92,13327
States,Texas,2020,20,X,1.15489,X,X,X,X,X,X,153,92,13248
States,Texas,2020,21,X,1.17085,X,X,X,X,X,X,152,88,12982
States,Texas,2020,22,X,1.17903,X,X,X,X,X,X,141,82,11959
States,Texas,2020,23,X,1.29584,X,X,X,X,X,X,188,84,14508
States,Texas,2020,24,X,1.48445,X,X,X,X,X,X,178,72,11991
States,Texas,2020,25,X,1.57013,X,X,X,X,X,X,267,81,17005
States,Texas,2020,26,X,2.00472,X,X,X,X,X,X,348,78,17359
States,Texas,2020,27,X,2.27468,X,X,X,X,X,X,185,69,8133
States,Texas,2020,28,X,2.00485,X,X,X,X,X,X,339,79,16909
States,Texas,2020,29,X,1.93511,X,X,X,X,X,X,300,77,15503
States,Texas,2020,30,X,1.75671,X,X,X,X,X,X,279,77,15882
States,Texas,2020,31,X,1.29616,X,X,X,X,X,X,192,79,14813
States,Texas,2020,32,X,1.29878,X,X,X,X,X,X,225,80,17324
States,Texas,2020,33,X,1.13144,X,X,X,X,X,X,180,79,15909
States,Texas,2020,34,X,1.11167,X,X,X,X,X,X,89,30,8006
States,Texas,2020,35,X,0.811312,X,X,X,X,X,X,70,65,8628
States,Texas,2020,36,X,0.956881,X,X,X,X,X,X,81,30,8465
States,Texas,2020,37,X,1.38769,X,X,X,X,X,X,177,43,12755
States,Texas,2020,38,X,1.20619,X,X,X,X,X,X,106,30,8788
States,Texas,2020,39,X,1.26102,X,X,X,X,X,X,505,56,40047
States,Texas,2020,40,X,1.34739,X,X,X,X,X,X,565,65,41933
States,Texas,2020,41,X,1.48922,X,X,X,X,X,X,751,81,50429
States,Texas,2020,42,X,1.52946,X,X,X,X,X,X,745,74,48710
States,Texas,2020,43,X,1.44101,X,X,X,X,X,X,614,65,42609
States,Texas,2020,44,X,1.55983,X,X,X,X,X,X,720,76,46159
States,Texas,2020,45,X,1.78136,X,X,X,X,X,X,905,82,50804
States,Texas,2020,46,X,1.95164,X,X,X,X,X,X,1038,80,53186
States,Texas,2020,47,X,1.83988,X,X,X,X,X,X,936,78,50873
States,Texas,2020,48,X,1.88626,X,X,X,X,X,X,801,79,42465
States,Texas,2020,49,X,1.76151,X,X,X,X,X,X,794,71,45075
States,Texas,2020,50,X,1.675,X,X,X,X,X,X,834,80,49791
States,Texas,2020,51,X,1.7002,X,X,X,X,X,X,638,65,37525
States,Texas,2020,52,X,1.77187,X,X,X,X,X,X,722,75,40748
States,Texas,2020,53,X,1.89332,X,X,X,X,X,X,739,65,39032
States,Texas,2021,1,X,1.66909,X,X,X,X,X,X,872,79,52244
States,Texas,2021,2,X,1.31743,X,X,X,X,X,X,539,66,40913
States,Texas,2021,3,X,1.57762,X,X,X,X,X,X,766,77,48554
States,Texas,2021,4,X,1.40339,X,X,X,X,X,X,594,75,42326
States,Texas,2021,5,X,2.42125,X,X,X,X,X,X,1196,80,49396
States,Texas,2021,6,X,1.64613,X,X,X,X,X,X,183,41,11117
States,Texas,2021,7,X,2.10627,X,X,X,X,X,X,44,40,2089
States,Texas,2021,8,X,1.0305,X,X,X,X,X,X,450,61,43668
States,Texas,2021,9,X,0.840607,X,X,X,X,X,X,391,78,46514
States,Texas,2021,10,X,0.957728,X,X,X,X,X,X,348,60,36336
States,Texas,2021,11,X,1.01826,X,X,X,X,X,X,459,73,45077
States,Texas,2021,12,X,1.03076,X,X,X,X,X,X,433,73,42008
States,Texas,2021,13,X,1.09897,X,X,X,X,X,X,546,76,49683
States,Texas,2021,14,X,1.43881,X,X,X,X,X,X,753,75,52335
States,Texas,2021,15,X,1.37112,X,X,X,X,X,X,735,74,53606
States,Texas,2021,16,X,1.50096,X,X,X,X,X,X,657,60,43772
States,Texas,2021,17,X,1.44488,X,X,X,X,X,X,776,73,53707
States,Texas,2021,18,X,1.36473,X,X,X,X,X,X,740,72,54223
States,Texas,2021,19,X,1.56741,X,X,X,X,X,X,813,73,51869
States,Texas,2021,20,X,1.70683,X,X,X,X,X,X,799,58,46812
States,Texas,2021,21,X,1.53327,X,X,X,X,X,X,718,60,46828
States,Texas,2021,22,X,1.63366,X,X,X,X,X,X,759,66,46460
States,Texas,2021,23,X,1.59782,X,X,X,X,X,X,685,50,42871
States,Texas,2021,24,X,1.75301,X,X,X,X,X,X,785,49,44780
States,Texas,2021,25,X,1.80993,X,X,X,X,X,X,806,49,44532
States,Texas,2021,26,X,1.6921,X,X,X,X,X,X,734,48,43378
States,Texas,2021,27,X,1.9251,X,X,X,X,X,X,935,61,48569
States,Texas,2021,28,X,2.04186,X,X,X,X,X,X,1043,62,51081
States,Texas,2021,29,X,2.37653,X,X,X,X,X,X,1254,63,52766
States,Texas,2021,30,X,2.56915,X,X,X,X,X,X,1410,61,54882
States,Texas,2021,31,X,2.70133,X,X,X,X,X,X,1441,61,53344
States,Texas,2021,32,X,2.59402,X,X,X,X,X,X,1536,63,59213
States,Texas,2021,33,X,2.80512,X,X,X,X,X,X,1479,58,52725
States,Texas,2021,34,X,3.31348,X,X,X,X,X,X,1864,59,56255
States,Texas,2021,35,X,3.38288,X,X,X,X,X,X,1773,58,52411
States,Texas,2021,36,X,3.16486,X,X,X,X,X,X,1402,46,44299
States,Texas,2021,37,X,2.72222,X,X,X,X,X,X,1387,57,50951
States,Texas,2021,38,X,2.26962,X,X,X,X,X,X,1163,60,51242
States,Texas,2021,39,X,2.21705,X,X,X,X,X,X,1123,60,50653
States,Texas,2021,40,X,2.42552,X,X,X,X,X,X,1314,77,54174
States,Texas,2021,41,X,2.20494,X,X,X,X,X,X,1157,72,52473
States,Texas,2021,42,X,2.21965,X,X,X,X,X,X,1150,77,51810
States,Texas,2021,43,X,2.29476,X,X,X,X,X,X,1089,60,47456
States,Texas,2021,44,X,2.48411,X,X,X,X,X,X,1290,72,51930
States,Texas,2021,45,X,2.58345,X,X,X,X,X,X,1342,73,51946
States,Texas,2021,46,X,3.38916,X,X,X,X,X,X,1811,73,53435
States,Texas,2021,47,X,3.14017,X,X,X,X,X,X,1404,71,44711
States,Texas,2021,48,X,2.49466,X,X,X,X,X,X,1331,72,53354
States,Texas,2021,49,X,3.12317,X,X,X,X,X,X,1656,73,53023
States,Texas,2021,50,X,3.7103,X,X,X,X,X,X,1833,71,49403
States,Texas,2021,51,X,3.74172,X,X,X,X,X,X,1801,75,48133
States,Texas,2021,52,X,5.31232,X,X,X,X,X,X,3378,67,63588
States,Texas,2022,1,X,6.16083,X,X,X,X,X,X,3882,70,63011
States,Texas,2022,2,X,5.75791,X,X,X,X,X,X,3413,74,59275
States,Texas,2022,3,X,4.86134,X,X,X,X,X,X,2491,73,51241
States,Texas,2022,4,X,3.24956,X,X,X,X,X,X,1611,71,49576
States,Texas,2022,5,X,2.55138,X,X,X,X,X,X,1023,69,40096
States,Texas,2022,6,X,2.21323,X,X,X,X,X,X,1001,74,45228
States,Texas,2022,7,X,2.50793,X,X,X,X,X,X,1217,73,48526
States,Texas,2022,8,X,2.50313,X,X,X,X,X,X,1199,74,47900
States,Texas,2022,9,X,3.08609,X,X,X,X,X,X,1425,70,46175
States,Texas,2022,10,X,3.35177,X,X,X,X,X,X,1642,70,48989
States,Texas,2022,11,X,3.22607,X,X,X,X,X,X,1576,71,48852
States,Texas,2022,12,X,3.02515,X,X,X,X,X,X,1547,71,51138
States,Texas,2022,13,X,2.90498,X,X,X,X,X,X,1605,74,55250
States,Texas,2022,14,X,2.50129,X,X,X,X,X,X,1498,79,59889
States,Texas,2022,15,X,2.41557,X,X,X,X,X,X,1394,78,57709
States,Texas,2022,16,X,2.42739,X,X,X,X,X,X,1400,77,57675
States,Texas,2022,17,X,3.02052,X,X,X,X,X,X,580,54,19202
States,Texas,2022,18,X,2.27896,X,X,X,X,X,X,1330,76,58360
States,Texas,2022,19,X,3.09662,X,X,X,X,X,X,699,56,22573
States,Texas,2022,20,X,2.26227,X,X,X,X,X,X,1396,77,61708
States,Texas,2022,21,X,2.05984,X,X,X,X,X,X,433,55,21021
States,Texas,2022,22,X,2.53696,X,X,X,X,X,X,1378,73,54317
States,Texas,2022,23,X,2.47614,X,X,X,X,X,X,1336,69,53955
States,Texas,2022,24,X,2.35681,X,X,X,X,X,X,1269,67,53844
States,Texas,2022,25,X,2.11761,X,X,X,X,X,X,1143,71,53976
States,Texas,2022,26,X,2.36787,X,X,X,X,X,X,1077,50,45484
States,Texas,2022,27,X,2.62774,X,X,X,X,X,X,1278,63,48635
States,Texas,2022,28,X,2.36695,X,X,X,X,X,X,1191,53,50318
States,Texas,2022,29,X,2.46876,X,X,X,X,X,X,1231,53,49863
States,Texas,2022,30,X,2.4976,X,X,X,X,X,X,1170,51,46845
States,Texas,2022,31,X,1.94617,X,X,X,X,X,X,956,53,49122
States,Texas,2022,32,X,1.83804,X,X,X,X,X,X,892,53,48530
States,Texas,2022,33,X,2.23971,X,X,X,X,X,X,1130,52,50453
States,Texas,2022,34,X,3.39012,X,X,X,X,X,X,1811,51,53420
States,Texas,2022,35,X,4.04506,X,X,X,X,X,X,2122,48,52459
States,Texas,2022,36,X,3.92683,X,X,X,X,X,X,1930,51,49149
States,Texas,2022,37,X,3.76957,X,X,X,X,X,X,1948,51,51677
States,Texas,2022,38,X,4.70016,X,X,X,X,X,X,2621,52,55764
States,Texas,2022,39,X,4.37227,X,X,X,X,X,X,2372,52,54251
States,Texas,2022,40,X,4.69311,X,X,X,X,X,X,2654,60,56551
States,Texas,2022,41,X,5.40857,X,X,X,X,X,X,3328,62,61532
States,Texas,2022,42,X,6.0281,X,X,X,X,X,X,3720,60,61711
States,Texas,2022,43,X,7.72925,X,X,X,X,X,X,5069,61,65582
States,Texas,2022,44,X,8.54895,X,X,X,X,X,X,5726,62,66979
States,Texas,2022,45,X,9.8796,X,X,X,X,X,X,5063,61,51247
States,Texas,2022,46,X,9.87538,X,X,X,X,X,X,3677,50,37234
States,Texas,2022,47,X,9.18269,X,X,X,X,X,X,4948,61,53884
States,Texas,2022,48,X,8.16427,X,X,X,X,X,X,5139,59,62945
States,Texas,2022,49,X,7.90764,X,X,X,X,X,X,4644,58,58728
States,Texas,2022,50,X,7.05818,X,X,X,X,X,X,4013,58,56856
States,Texas,2022,51,X,6.69468,X,X,X,X,X,X,3075,57,45932
States,Texas,2022,52,X,6.58356,X,X,X,X,X,X,3871,53,58798
States,Texas,2023,1,X,5.28723,X,X,X,X,X,X,2751,56,52031
States,Texas,2023,2,X,4.12182,X,X,X,X,X,X,2443,59,59270
States,Texas,2023,3,X,3.70605,X,X,X,X,X,X,2107,45,56853
States,Texas,2023,4,X,3.82218,X,X,X,X,X,X,2048,43,53582
States,Texas,2023,5,X,3.51183,X,X,X,X,X,X,1633,42,46500
States,Texas,2023,6,X,3.36758,X,X,X,X,X,X,1878,45,55767
States,Texas,2023,7,X,3.2415,X,X,X,X,X,X,1666,43,51396
States,Texas,2023,8,X,2.98713,X,X,X,X,X,X,1711,45,57279
States,Texas,2023,9,X,3.01918,X,X,X,X,X,X,1843,59,61043
States,Texas,2023,10,X,2.98894,X,X,X,X,X,X,1778,60,59486
States,Texas,2023,11,X,2.45286,X,X,X,X,X,X,1336,59,54467
States,Texas,2023,12,X,2.28697,X,X,X,X,X,X,1255,42,54876
States,Texas,2023,13,X,2.43677,X,X,X,X,X,X,1424,45,58438
States,Texas,2023,14,X,2.57977,X,X,X,X,X,X,1406,44,54501
States,Texas,2023,15,X,2.55892,X,X,X,X,X,X,1520,43,59400
States,Texas,2023,16,X,2.68883,X,X,X,X,X,X,1671,58,62146
States,Texas,2023,17,X,2.58831,X,X,X,X,X,X,1593,59,61546
States,Texas,2023,18,X,2.90948,X,X,X,X,X,X,1674,59,57536
States,Texas,2023,19,X,2.57569,X,X,X,X,X,X,1511,57,58664
States,Texas,2023,20,X,2.64719,X,X,X,X,X,X,1165,57,44009
States,Texas,2023,21,X,2.55126,X,X,X,X,X,X,708,41,27751
States,Texas,2023,22,X,2.24826,X,X,X,X,X,X,1086,51,48304
States,Texas,2023,23,X,1.45601,X,X,X,X,X,X,696,50,47802
States,Texas,2023,24,X,1.58116,X,X,X,X,X,X,752,50,47560
States,Texas,2023,25,X,1.34379,X,X,X,X,X,X,653,49,48594
States,Texas,2023,26,X,1.54249,X,X,X,X,X,X,790,51,51216
States,Texas,2023,27,X,1.4232,X,X,X,X,X,X,670,51,47077
States,Texas,2023,28,X,1.46691,X,X,X,X,X,X,703,50,47924
States,Texas,2023,29,X,1.26367,X,X,X,X,X,X,639,50,50567
States,Texas,2023,30,X,1.39884,X,X,X,X,X,X,660,46,47182
States,Texas,2023,31,X,1.65118,X,X,X,X,X,X,757,48,45846
States,Texas,2023,32,X,1.66282,X,X,X,X,X,X,735,33,44202
States,Texas,2023,33,X,2.10653,X,X,X,X,X,X,893,32,42392
States,Texas,2023,34,X,2.62923,X,X,X,X,X,X,1328,33,50509
States,Texas,2023,35,X,3.87485,X,X,X,X,X,X,2098,47,54144
States,Texas,2023,36,X,3.9182,X,X,X,X,X,X,1527,47,38972
States,Texas,2023,37,X,3.15272,X,X,X,X,X,X,1610,47,51067
States,Texas,2023,38,X,2.32654,X,X,X,X,X,X,1127,45,48441
States,Texas,2023,39,X,2.69713,X,X,X,X,X,X,1426,46,52871
States,Texas,2023,40,X,3.46579,X,X,X,X,X,X,1726,51,49801
States,Texas,2023,41,X,3.47986,X,X,X,X,X,X,1717,52,49341
States,Texas,2023,42,X,3.99797,X,X,X,X,X,X,2051,52,51301
States,Texas,2023,43,X,4.29037,X,X,X,X,X,X,2240,53,52210
States,Texas,2023,44,X,4.62865,X,X,X,X,X,X,2238,53,48351
States,Texas,2023,45,X,5.6689,X,X,X,X,X,X,2923,54,51562
States,Texas,2023,46,X,6.3708,X,X,X,X,X,X,3283,54,51532
States,Texas,2023,47,X,6.50612,X,X,X,X,X,X,2553,55,39240
States,Texas,2023,48,X,5.95097,X,X,X,X,X,X,2821,39,47404
States,Texas,2023,49,X,6.28209,X,X,X,X,X,X,3010,39,47914
States,Texas,2023,50,X,7.15726,X,X,X,X,X,X,3549,54,49586
States,Texas,2023,51,X,8.26591,X,X,X,X,X,X,4046,39,48948
States,Texas,2023,52,X,7.37873,X,X,X,X,X,X,3307,51,44818
States,Texas,2024,1,X,7.33991,X,X,X,X,X,X,3480,52,47412
States,Texas,2024,2,X,5.74415,X,X,X,X,X,X,2885,52,50225
States,Texas,2024,3,X,6.45288,X,X,X,X,X,X,2948,53,45685
States,Texas,2024,4,X,7.41785,X,X,X,X,X,X,4050,53,54598
States,Texas,2024,5,X,8.58243,X,X,X,X,X,X,4858,53,56604
States,Texas,2024,6,X,7.46488,X,X,X,X,X,X,4161,52,55741
States,Texas,2024,7,X,6.33616,X,X,X,X,X,X,3314,54,52303
States,Texas,2024,8,X,5.70926,X,X,X,X,X,X,3081,54,53965
States,Texas,2024,9,X,4.91056,X,X,X,X,X,X,2630,54,53558
States,Texas,2024,10,X,4.68026,X,X,X,X,X,X,2222,54,47476
States,Texas,2024,11,X,4.50151,X,X,X,X,X,X,1462,46,32478
States,Texas,2024,12,X,3.48645,X,X,X,X,X,X,1688,52,48416
States,Texas,2024,13,X,3.49867,X,X,X,X,X,X,1635,51,46732
States,Texas,2024,14,X,3.19234,X,X,X,X,X,X,1557,38,48773
States,Texas,2024,15,X,3.27859,X,X,X,X,X,X,1703,51,51943
States,Texas,2024,16,X,2.92862,X,X,X,X,X,X,1544,53,52721
States,Texas,2024,17,X,2.85217,X,X,X,X,X,X,1442,52,50558
States,Texas,2024,18,X,2.78647,X,X,X,X,X,X,1443,52,51786
States,Texas,2024,19,X,2.77788,X,X,X,X,X,X,1449,52,52162
States,Texas,2024,20,X,2.63185,X,X,X,X,X,X,1283,38,48749
States,Texas,2024,21,X,2.63975,X,X,X,X,X,X,1232,36,46671
States,Texas,2024,22,X,2.48773,X,X,X,X,X,X,1090,36,43815
States,Texas,2024,23,X,2.1227,X,X,X,X,X,X,965,36,45461
States,Texas,2024,24,X,2.25112,X,X,X,X,X,X,1016,36,45133
States,Texas,2024,25,X,2.02188,X,X,X,X,X,X,876,36,43326
States,Texas,2024,26,X,2.04044,X,X,X,X,X,X,892,35,43716
States,Texas,2024,27,X,1.49893,X,X,X,X,X,X,602,34,40162
States,Texas,2024,28,X,2.14924,X,X,X,X,X,X,964,49,44853
States,Texas,2024,29,X,2.2736,X,X,X,X,X,X,952,35,41872
States,Texas,2024,30,X,2.54975,X,X,X,X,X,X,1043,35,40906
States,Texas,2024,31,X,2.41333,X,X,X,X,X,X,1024,35,42431
States,Texas,2024,32,X,2.36305,X,X,X,X,X,X,1009,35,42699
States,Texas,2024,33,X,2.20275,X,X,X,X,X,X,1028,50,46669
States,Texas,2024,34,X,2.81698,X,X,X,X,X,X,1425,50,50586
States,Texas,2024,35,X,3.77615,X,X,X,X,X,X,1915,50,50713
States,Texas,2024,36,X,3.06199,X,X,X,X,X,X,1350,48,44089
States,Texas,2024,37,X,3.06496,X,X,X,X,X,X,1533,49,50017
States,Texas,2024,38,X,2.71353,X,X,X,X,X,X,1362,49,50193
States,Texas,2024,39,X,2.5152,X,X,X,X,X,X,1158,48,46040
States,Texas,2024,40,X,2.44141,X,X,X,X,X,X,1122,48,45957
States,Texas,2024,41,X,2.54252,X,X,X,X,X,X,1169,48,45978
States,Texas,2024,42,X,2.34834,X,X,X,X,X,X,1166,48,49652
States,Texas,2024,43,X,2.48267,X,X,X,X,X,X,1128,48,45435
States,Texas,2024,44,X,2.70384,X,X,X,X,X,X,1216,48,44973
States,Texas,2024,45,X,2.761,X,X,X,X,X,X,1225,47,44368
States,Texas,2024,46,X,3.5363,X,X,X,X,X,X,1607,48,45443
States,Texas,2024,47,X,3.72385,X,X,X,X,X,X,1684,48,45222
States,Texas,2024,48,X,3.90811,X,X,X,X,X,X,1429,47,36565
States,Texas,2024,49,X,3.6419,X,X,X,X,X,X,1639,47,45004
States,Texas,2024,50,X,4.3545,X,X,X,X,X,X,1928,48,44276
States,Texas,2024,51,X,5.55531,X,X,X,X,X,X,2468,47,44426
States,Texas,2024,52,X,7.1414,X,X,X,X,X,X,2794,45,39124
States,Texas,2025,1,X,6.46948,X,X,X,X,X,X,1927,46,29786
States,Texas,2025,2,X,5.67016,X,X,X,X,X,X,2210,46,38976
States,Texas,2025,3,X,6.01042,X,X,X,X,X,X,2758,46,45887
States,Texas,2025,4,X,8.37408,X,X,X,X,X,X,3665,48,43766
States,Texas,2025,5,X,11.2963,X,X,X,X,X,X,5632,48,49857
States,Texas,2025,6,X,9.13246,X,X,X,X,X,X,4556,48,49888
States,Texas,2025,7,X,6.21272,X,X,X,X,X,X,2750,48,44264
States,Texas,2025,8,X,5.47333,X,X,X,X,X,X,2267,47,41419
States,Texas,2025,9,X,4.99559,X,X,X,X,X,X,2492,46,49884
States,Texas,2025,10,X,4.31301,X,X,X,X,X,X,1896,47,43960
States,Texas,2025,11,X,3.67012,X,X,X,X,X,X,1441,45,39263
States,Texas,2025,12,X,3.32712,X,X,X,X,X,X,1411,46,42409
States,Texas,2025,13,X,2.84839,X,X,X,X,X,X,1237,47,43428
States,Texas,2025,14,X,2.64647,X,X,X,X,X,X,1146,47,43303
States,Texas,2025,15,X,2.74696,X,X,X,X,X,X,1166,47,42447
States,Texas,2025,16,X,2.72506,X,X,X,X,X,X,1143,47,41944
States,Texas,2025,17,X,2.71375,X,X,X,X,X,X,1149,46,42340
States,Texas,2025,18,X,2.45234,X,X,X,X,X,X,1038,47,42327
States,Texas,2025,19,X,2.23781,X,X,X,X,X,X,919,46,41067
States,Texas,2025,20,X,2.41953,X,X,X,X,X,X,1002,45,41413
States,Texas,2025,21,X,2.20644,X,X,X,X,X,X,901,44,40835
States,Texas,2025,22,X,2.12107,X,X,X,X,X,X,822,44,38754
States,Texas,2025,23,X,1.73277,X,X,X,X,X,X,689,45,39763
States,Texas,2025,24,X,1.44082,X,X,X,X,X,X,551,43,38242
States,Texas,2025,25,X,1.40992,X,X,X,X,X,X,542,45,38442
States,Texas,2025,26,X,1.1359,X,X,X,X,X,X,442,45,38912
States,Texas,2025,27,X,1.08182,X,X,X,X,X,X,389,45,35958
States,Texas,2025,28,X,1.71607,X,X,X,X,X,X,66,12,3846
States,Texas,2025,29,X,1.19823,X,X,X,X,X,X,46,12,3839
States,Texas,2025,30,X,1.02354,X,X,X,X,X,X,397,44,38787
States,Texas,2025,31,X,1.15356,X,X,X,X,X,X,449,45,38923
States,Texas,2025,32,X,1.23155,X,X,X,X,X,X,483,44,39219
States,Texas,2025,33,X,1.45332,X,X,X,X,X,X,573,43,39427
States,Texas,2025,34,X,2.0057,X,X,X,X,X,X,844,44,42080
States,Texas,2025,35,X,3.13994,X,X,X,X,X,X,972,44,30956
States,Texas,2025,36,X,2.46289,X,X,X,X,X,X,1012,43,41090
States,Texas,2025,37,X,2.23921,X,X,X,X,X,X,946,42,42247